Model,ROC_AUC
Logistic,0.9988737083333333
RandomForest,0.9987388541666666
XGBoost,0.9994485000000001
